dataset	input	threads	normal_wall	trace_wall
rna_nova	gz	16	62.302706410	60.535326028
rna_nova	gz	48	57.514290066	60.435076942
rna_nova	bgzf	16	68.082607781	66.290323321
rna_nova	bgzf	48	64.474679792	62.827988895
wgbs	gz	16	71.197167665	71.001970956
wgbs	gz	48	79.286782995	80.551510585
wgbs	bgzf	16	71.156538759	72.149387199
wgbs	bgzf	48	81.817577824	82.836860314
atac_hiseq	gz	16	198.328314597	193.133463315
atac_hiseq	gz	48	267.202575307	270.412184030
atac_hiseq	bgzf	16	189.181939664	192.309217225
atac_hiseq	bgzf	48	270.023009746	280.076361971
rna_se	gz	16	45.795980064	45.135609919
rna_se	gz	48	54.330875448	57.185836905
rna_se	bgzf	16	47.157907720	47.127525644
rna_se	bgzf	48	58.461010220	58.974687942
