dataset	tool	op	threads	level	in_bytes	out_bytes	wall	user	sys	maxrss_kb	uncomp_MBps	cpu_MBps_per_core
rna_nova	igzip	decompress	1	-	2033429660	10437940003	12.92	8.91	2.78	3548	808	893
rna_nova	pigz	decompress	1	-	2033429660	10437940003	21.62	24.73	6.43	1580	483	335
rna_nova	libdeflate	decompress	1	-	2033429660	10437940003	33.84	20.11	12.63	12179644	308	319
rna_nova	rapidgzip	decompress	1	-	2033429660	10437940003	13.55	10.00	2.43	68036	770	840
rna_nova	rapidgzip	decompress	4	-	2033429660	10437940003	12.67	38.25	8.17	215572	824	225
rna_nova	rapidgzip	decompress	16	-	2033429660	10437940003	4.52	39.28	7.61	1886736	2309	223
rna_nova	rapidgzip	decompress	48	-	2033429660	10437940003	5.19	53.84	11.27	5290084	2011	160
rna_nova	libdeflate	compress	1	1	10437940003	2232026207	40.66	38.50	1.86	12374124	257	259
rna_nova	libdeflate	compress	1	4	10437940003	2115462011	83.66	81.67	1.70	12260844	125	125
rna_nova	libdeflate	compress	1	6	10437940003	2026076581	163.61	161.71	1.66	12173292	64	64
rna_nova	igzip	compress	1	1	10437940003	2313284226	22.70	18.05	4.31	2756	460	467
rna_nova	pigz	compress	1	4	10437940003	2217090164	138.13	133.60	4.52	2364	76	76
rna_nova	pigz	compress	4	4	10437940003	2217090164	34.67	138.91	7.87	3524	301	71
rna_nova	pigz	compress	16	4	10437940003	2217090164	8.69	139.04	8.05	7364	1201	71
rna_nova	pigz	compress	48	4	10437940003	2217090164	14.44	202.69	40.05	13480	723	43
rna_nova	bgzip	compress	1	4	10437940003	2119865498	108.41	106.51	1.89	2488	96	96
rna_nova	bgzip	compress	4	4	10437940003	2119865498	26.87	110.02	3.24	3768	388	92
rna_nova	bgzip	compress	16	4	10437940003	2119865498	6.97	113.98	2.70	8620	1498	89
rna_nova	bgzip	compress	48	4	10437940003	2119865498	4.93	145.22	2.52	28212	2117	71
rna_nova	bgzip	decompress	1	-	2119865498	10437940003	12.55	10.07	2.47	2460	832	832
rna_nova	bgzip	decompress	4	-	2119865498	10437940003	3.99	15.82	3.65	2896	2616	536
rna_nova	bgzip	decompress	16	-	2119865498	10437940003	4.17	15.66	4.77	6708	2503	511
rna_nova	bgzip	decompress	48	-	2119865498	10437940003	4.44	14.66	4.95	17140	2351	532
rna_nova	igzip	decompress-bgzf	1	-	2119865498	10437940003	14.98	11.80	3.17	2792	697	697
wgbs	igzip	decompress	1	-	1232382322	6955629482	8.21	5.35	1.95	3548	847	953
wgbs	pigz	decompress	1	-	1232382322	6955629482	15.15	17.09	4.75	1592	459	318
wgbs	libdeflate	decompress	1	-	1232382322	6955629482	20.53	11.56	8.25	7996884	339	351
wgbs	rapidgzip	decompress	1	-	1232382322	6955629482	8.87	6.18	1.84	72304	784	867
wgbs	rapidgzip	decompress	4	-	1232382322	6955629482	8.41	24.67	5.14	259224	827	233
wgbs	rapidgzip	decompress	16	-	1232382322	6955629482	3.16	25.63	5.55	1863124	2201	223
wgbs	rapidgzip	decompress	48	-	1232382322	6955629482	3.60	34.39	8.18	5933268	1932	163
wgbs	libdeflate	compress	1	1	6955629482	1392006174	26.32	25.04	1.11	8153068	264	266
wgbs	libdeflate	compress	1	4	6955629482	1301545768	50.86	49.52	1.15	8065132	137	137
wgbs	libdeflate	compress	1	6	6955629482	1215045591	91.94	90.67	1.09	7980652	76	76
wgbs	igzip	compress	1	1	6955629482	1477161517	14.86	11.85	2.81	2756	468	474
wgbs	pigz	compress	1	4	6955629482	1357195809	91.16	88.11	3.04	1996	76	76
wgbs	pigz	compress	4	4	6955629482	1357195809	22.96	91.92	5.28	3124	303	72
wgbs	pigz	compress	16	4	6955629482	1357195809	5.84	93.42	5.03	7360	1191	71
wgbs	pigz	compress	48	4	6955629482	1357195809	9.82	131.17	27.19	14268	708	44
wgbs	bgzip	compress	1	4	6955629482	1301382696	61.83	60.70	1.12	2876	112	113
wgbs	bgzip	compress	4	4	6955629482	1301382696	15.63	63.82	2.09	3784	445	106
wgbs	bgzip	compress	16	4	6955629482	1301382696	4.11	67.14	1.63	8632	1692	101
wgbs	bgzip	compress	48	4	6955629482	1301382696	2.86	84.71	1.59	27504	2432	81
wgbs	bgzip	decompress	1	-	1301382696	6955629482	7.75	6.01	1.72	2184	898	900
wgbs	bgzip	decompress	4	-	1301382696	6955629482	2.59	7.52	2.97	2900	2686	663
wgbs	bgzip	decompress	16	-	1301382696	6955629482	2.83	9.20	3.06	7124	2458	567
wgbs	bgzip	decompress	48	-	1301382696	6955629482	2.70	9.04	3.02	17104	2576	577
wgbs	igzip	decompress-bgzf	1	-	1301382696	6955629482	8.11	6.34	1.77	2780	858	858
atac_hiseq	igzip	decompress	1	-	8527708621	32584700736	47.22	33.46	9.51	3580	690	758
atac_hiseq	pigz	decompress	1	-	8527708621	32584700736	92.52	103.39	20.84	1604	352	262
atac_hiseq	libdeflate	decompress	1	-	8527708621	32584700736	120.06	77.06	39.34	40149688	271	280
atac_hiseq	rapidgzip	decompress	1	-	8527708621	32584700736	49.12	37.51	7.70	59792	663	721
atac_hiseq	rapidgzip	decompress	4	-	8527708621	32584700736	43.14	145.60	18.00	287880	755	199
atac_hiseq	rapidgzip	decompress	16	-	8527708621	32584700736	14.98	147.20	16.00	1918808	2175	200
atac_hiseq	rapidgzip	decompress	48	-	8527708621	32584700736	14.54	188.03	18.16	4951988	2241	158
atac_hiseq	libdeflate	compress	1	1	32584700736	9389636908	135.08	126.33	7.46	40991212	241	244
atac_hiseq	libdeflate	compress	1	4	32584700736	8807257317	310.86	302.76	7.01	40422508	105	105
atac_hiseq	libdeflate	compress	1	6	32584700736	8334349713	586.20	578.11	7.03	39960428	56	56
atac_hiseq	igzip	compress	1	1	32584700736	9754721429	85.56	69.95	13.98	3164	381	388
atac_hiseq	pigz	compress	1	4	32584700736	9243085443	508.33	493.53	14.75	2364	64	64
atac_hiseq	pigz	compress	4	4	32584700736	9243085443	129.12	517.34	24.63	3524	252	60
atac_hiseq	pigz	compress	16	4	32584700736	9243085443	32.11	514.47	25.48	8104	1015	60
atac_hiseq	pigz	compress	48	4	32584700736	9243085443	46.08	725.36	125.09	14288	707	38
atac_hiseq	bgzip	compress	1	4	32584700736	8816711069	388.54	382.64	5.86	2564	84	84
atac_hiseq	bgzip	compress	4	4	32584700736	8816711069	96.74	393.80	10.44	5316	337	81
atac_hiseq	bgzip	compress	16	4	32584700736	8816711069	24.68	402.28	8.76	12540	1320	79
atac_hiseq	bgzip	compress	48	4	32584700736	8816711069	15.17	530.29	8.42	28208	2148	60
atac_hiseq	bgzip	decompress	1	-	8816711069	32584700736	47.28	40.28	6.98	2464	689	689
atac_hiseq	bgzip	decompress	4	-	8816711069	32584700736	13.16	48.60	12.74	2872	2476	531
atac_hiseq	bgzip	decompress	16	-	8816711069	32584700736	13.01	50.20	14.57	6732	2505	503
atac_hiseq	bgzip	decompress	48	-	8816711069	32584700736	13.57	51.52	15.70	17152	2401	485
atac_hiseq	igzip	decompress-bgzf	1	-	8816711069	32584700736	49.93	39.34	10.55	2768	653	653
rna_se	igzip	decompress	1	-	1845948932	9285933448	12.13	7.69	3.15	3548	766	857
rna_se	pigz	decompress	1	-	1845948932	9285933448	20.90	23.62	6.62	1600	444	307
rna_se	libdeflate	decompress	1	-	1845948932	9285933448	29.02	16.63	11.22	10871956	320	333
rna_se	rapidgzip	decompress	1	-	1845948932	9285933448	12.51	8.72	2.65	68080	742	817
rna_se	rapidgzip	decompress	4	-	1845948932	9285933448	11.37	33.65	7.54	218760	817	225
rna_se	rapidgzip	decompress	16	-	1845948932	9285933448	4.10	35.96	7.01	1867352	2265	216
rna_se	rapidgzip	decompress	48	-	1845948932	9285933448	4.84	48.00	10.37	5105480	1919	159
rna_se	libdeflate	compress	1	1	9285933448	2063162892	34.72	32.57	1.84	11084140	267	270
rna_se	libdeflate	compress	1	4	9285933448	1941120066	73.41	71.62	1.57	10964840	126	127
rna_se	libdeflate	compress	1	6	9285933448	1834521795	141.76	139.84	1.65	10861036	66	66
rna_se	igzip	compress	1	1	9285933448	2158108944	20.49	16.13	3.97	2756	453	462
rna_se	pigz	compress	1	4	9285933448	2036628586	120.36	116.43	3.91	1960	77	77
rna_se	pigz	compress	4	4	9285933448	2036628586	30.44	121.92	7.06	3140	305	72
rna_se	pigz	compress	16	4	9285933448	2036628586	7.63	122.23	6.77	7352	1217	72
rna_se	pigz	compress	48	4	9285933448	2036628586	13.25	175.45	36.45	13540	701	44
rna_se	bgzip	compress	1	4	9285933448	1939708856	92.80	90.98	1.81	2876	100	100
rna_se	bgzip	compress	4	4	9285933448	1939708856	23.11	95.08	2.96	3636	402	95
rna_se	bgzip	compress	16	4	9285933448	1939708856	5.98	97.43	2.33	9160	1553	93
rna_se	bgzip	compress	48	4	9285933448	1939708856	4.16	118.55	2.29	29360	2232	77
rna_se	bgzip	decompress	1	-	1939708856	9285933448	11.30	9.01	2.28	2592	822	822
rna_se	bgzip	decompress	4	-	1939708856	9285933448	3.73	12.82	3.80	2892	2490	559
rna_se	bgzip	decompress	16	-	1939708856	9285933448	3.81	11.81	4.29	6460	2437	577
rna_se	bgzip	decompress	48	-	1939708856	9285933448	4.14	11.73	4.57	17224	2243	570
rna_se	igzip	decompress-bgzf	1	-	1939708856	9285933448	12.43	9.63	2.79	2780	747	748
