variant	build	dataset	threads	rep	result	wall	user	sys	maxrss_kb	pre	detect	process	finalize	reads	bases	digest
gz_gz	fastp	rna_nova	16	1	OK	61.24	845.90	10.12	1396060	0.04	6.68	54.27	0.25	62078114	9311717100	ca4c9dd167_2e3f95297f
gz_gz_z1	fastp	rna_nova	16	1	OK	56.63	753.61	10.50	1383352	0.04	6.69	49.63	0.27	62078114	9311717100	ca4c9dd167_2e3f95297f
gz_plain	fastp	rna_nova	16	1	OK	52.68	684.29	16.24	1484532	0.04	6.70	45.68	0.27	62078114	9311717100	ca4c9dd167_2e3f95297f
gz_none	fastp	rna_nova	16	1	OK	52.19	678.85	6.82	1360352	0.04	6.74	45.14	0.27	62078114	9311717100	-
plain_gz	fastp	rna_nova	16	1	OK	58.52	820.76	11.17	1387992	0.02	6.59	51.64	0.27	62078114	9311717100	ca4c9dd167_2e3f95297f
plain_plain	fastp	rna_nova	16	1	OK	47.97	665.04	14.62	1470180	0.02	6.56	41.13	0.27	62078114	9311717100	ca4c9dd167_2e3f95297f
plain_none	fastp	rna_nova	16	1	OK	46.29	647.96	6.56	1351928	0.02	6.57	39.44	0.26	62078114	9311717100	-
bgzf_gz	fastp	rna_nova	16	1	OK	67.91	951.42	38.28	1398764	0.02	6.77	60.86	0.26	62078114	9311717100	ca4c9dd167_2e3f95297f
bgzf_plain	fastp	rna_nova	16	1	OK	55.44	803.55	43.64	1479332	0.02	6.75	48.38	0.29	62078114	9311717100	ca4c9dd167_2e3f95297f
gz_gz	fastp	rna_nova	16	2	OK	63.31	856.04	11.91	1396080	0.04	6.70	56.28	0.29	62078114	9311717100	-
gz_gz_z1	fastp	rna_nova	16	2	OK	57.00	757.75	10.43	1384944	0.04	6.74	49.96	0.26	62078114	9311717100	-
gz_plain	fastp	rna_nova	16	2	OK	53.59	693.68	13.64	1472920	0.04	6.69	46.58	0.28	62078114	9311717100	-
gz_none	fastp	rna_nova	16	2	OK	51.74	673.89	6.74	1361552	0.04	6.69	44.75	0.26	62078114	9311717100	-
plain_gz	fastp	rna_nova	16	2	OK	57.48	815.75	9.76	1387636	0.02	6.55	50.64	0.27	62078114	9311717100	-
plain_plain	fastp	rna_nova	16	2	OK	46.52	653.48	11.87	1457528	0.02	6.54	39.71	0.25	62078114	9311717100	-
plain_none	fastp	rna_nova	16	2	OK	46.08	650.86	5.53	1350816	0.02	6.55	39.26	0.25	62078114	9311717100	-
bgzf_gz	fastp	rna_nova	16	2	OK	67.40	965.64	39.57	1399456	0.02	6.77	60.30	0.31	62078114	9311717100	-
bgzf_plain	fastp	rna_nova	16	2	OK	56.40	818.49	45.23	1479760	0.02	6.77	49.33	0.28	62078114	9311717100	-
gz_gz	fastp	rna_nova	48	1	OK	59.18	1199.05	49.99	1880340	0.04	6.74	52.02	0.38	62078114	9311717100	ca4c9dd167_2e3f95297f
gz_gz_z1	fastp	rna_nova	48	1	OK	57.85	1080.02	51.45	1852684	0.04	6.69	50.73	0.40	62078114	9311717100	ca4c9dd167_2e3f95297f
gz_plain	fastp	rna_nova	48	1	OK	58.95	929.32	43.33	2121048	0.04	6.84	51.68	0.39	62078114	9311717100	ca4c9dd167_2e3f95297f
gz_none	fastp	rna_nova	48	1	OK	56.40	914.88	39.26	1828468	0.04	6.70	49.27	0.40	62078114	9311717100	-
plain_gz	fastp	rna_nova	48	1	OK	50.59	1205.61	31.34	1869504	0.02	6.56	43.63	0.38	62078114	9311717100	ca4c9dd167_2e3f95297f
plain_plain	fastp	rna_nova	48	1	OK	49.07	929.14	37.73	2112248	0.02	6.57	42.11	0.37	62078114	9311717100	ca4c9dd167_2e3f95297f
plain_none	fastp	rna_nova	48	1	OK	48.61	911.83	36.26	1816964	0.02	6.57	41.64	0.39	62078114	9311717100	-
bgzf_gz	fastp	rna_nova	48	1	OK	62.28	1195.91	53.43	1878728	0.02	6.79	55.12	0.35	62078114	9311717100	ca4c9dd167_2e3f95297f
bgzf_plain	fastp	rna_nova	48	1	OK	60.80	936.18	56.14	2110612	0.02	6.80	53.57	0.41	62078114	9311717100	ca4c9dd167_2e3f95297f
gz_gz	fastp	rna_nova	48	2	OK	58.73	1184.75	46.46	1885352	0.04	6.77	51.53	0.40	62078114	9311717100	-
gz_gz_z1	fastp	rna_nova	48	2	OK	56.34	1039.59	35.98	1850784	0.04	6.78	49.15	0.37	62078114	9311717100	-
gz_plain	fastp	rna_nova	48	2	OK	57.96	903.93	48.30	2116872	0.04	6.72	50.76	0.45	62078114	9311717100	-
gz_none	fastp	rna_nova	48	2	OK	56.20	879.37	38.00	1813924	0.04	6.78	49.02	0.37	62078114	9311717100	-
plain_gz	fastp	rna_nova	48	2	OK	49.31	1194.14	32.89	1872484	0.02	6.60	42.31	0.38	62078114	9311717100	-
plain_plain	fastp	rna_nova	48	2	OK	49.46	907.27	39.92	2109184	0.02	6.56	42.51	0.38	62078114	9311717100	-
plain_none	fastp	rna_nova	48	2	OK	49.06	907.97	36.65	1814716	0.02	6.55	42.10	0.40	62078114	9311717100	-
bgzf_gz	fastp	rna_nova	48	2	OK	61.62	1180.50	52.96	1872324	0.02	6.77	54.44	0.39	62078114	9311717100	-
bgzf_plain	fastp	rna_nova	48	2	OK	61.59	927.59	57.20	2106048	0.02	6.81	54.36	0.41	62078114	9311717100	-
gz_gz	fastp	wgbs	16	1	OK	71.25	589.68	9.13	1731696	0.03	29.56	41.39	0.27	56760748	7942033430	03f40c597f_f59bb5860d
gz_gz_z1	fastp	wgbs	16	1	OK	69.23	512.70	9.97	1732104	0.04	29.46	39.45	0.27	56760748	7942033430	03f40c597f_f59bb5860d
gz_plain	fastp	wgbs	16	1	OK	68.62	443.31	14.72	1758608	0.04	29.31	39.00	0.27	56760748	7942033430	03f40c597f_f59bb5860d
gz_none	fastp	wgbs	16	1	OK	65.14	434.81	6.66	1736340	0.04	28.68	36.15	0.28	56760748	7942033430	-
plain_gz	fastp	wgbs	16	1	OK	61.45	565.94	7.33	1723624	0.02	28.28	32.90	0.25	56760748	7942033430	03f40c597f_f59bb5860d
plain_plain	fastp	wgbs	16	1	OK	58.76	432.16	12.91	1753912	0.02	28.60	29.85	0.29	56760748	7942033430	03f40c597f_f59bb5860d
plain_none	fastp	wgbs	16	1	OK	58.10	416.42	6.32	1724404	0.02	29.57	28.24	0.26	56760748	7942033430	-
bgzf_gz	fastp	wgbs	16	1	OK	70.32	660.91	37.69	1734724	0.02	29.19	40.85	0.27	56760748	7942033430	03f40c597f_f59bb5860d
bgzf_plain	fastp	wgbs	16	1	OK	65.95	520.24	43.87	1770440	0.02	28.84	36.82	0.27	56760748	7942033430	03f40c597f_f59bb5860d
gz_gz	fastp	wgbs	16	2	OK	70.13	585.94	10.29	1733656	0.04	28.38	41.44	0.28	56760748	7942033430	-
gz_gz_z1	fastp	wgbs	16	2	OK	67.61	501.69	10.74	1736300	0.03	28.54	38.75	0.28	56760748	7942033430	-
gz_plain	fastp	wgbs	16	2	OK	64.63	425.44	12.47	1756656	0.03	28.10	36.20	0.29	56760748	7942033430	-
gz_none	fastp	wgbs	16	2	OK	64.19	416.67	6.82	1732052	0.04	28.08	35.82	0.26	56760748	7942033430	-
plain_gz	fastp	wgbs	16	2	OK	60.53	556.72	8.11	1723192	0.02	28.08	32.15	0.28	56760748	7942033430	-
plain_plain	fastp	wgbs	16	2	OK	55.20	413.56	12.40	1759732	0.02	28.10	26.81	0.27	56760748	7942033430	-
plain_none	fastp	wgbs	16	2	OK	57.21	404.32	7.26	1724792	0.02	28.01	28.90	0.28	56760748	7942033430	-
bgzf_gz	fastp	wgbs	16	2	OK	70.08	649.28	36.15	1735064	0.02	28.92	40.87	0.27	56760748	7942033430	-
bgzf_plain	fastp	wgbs	16	2	OK	65.55	508.60	42.48	1765380	0.02	28.89	36.35	0.30	56760748	7942033430	-
gz_gz	fastp	wgbs	48	1	OK	77.85	709.43	46.36	1897196	0.03	28.21	49.26	0.35	56760748	7942033430	03f40c597f_f59bb5860d
gz_gz_z1	fastp	wgbs	48	1	OK	75.90	601.51	45.01	1883384	0.04	28.46	47.07	0.34	56760748	7942033430	03f40c597f_f59bb5860d
gz_plain	fastp	wgbs	48	1	OK	76.43	517.86	46.55	2067656	0.04	28.76	47.29	0.35	56760748	7942033430	03f40c597f_f59bb5860d
gz_none	fastp	wgbs	48	1	OK	73.72	509.26	42.51	1887212	0.03	28.30	44.94	0.44	56760748	7942033430	-
plain_gz	fastp	wgbs	48	1	OK	69.70	748.23	45.80	1890680	0.02	29.32	40.01	0.35	56760748	7942033430	03f40c597f_f59bb5860d
plain_plain	fastp	wgbs	48	1	OK	69.52	541.96	49.01	2071608	0.02	29.62	39.45	0.43	56760748	7942033430	03f40c597f_f59bb5860d
plain_none	fastp	wgbs	48	1	OK	68.95	524.08	42.14	1890676	0.02	29.04	39.52	0.36	56760748	7942033430	-
bgzf_gz	fastp	wgbs	48	1	OK	82.97	745.37	54.35	1890248	0.02	30.34	52.26	0.35	56760748	7942033430	03f40c597f_f59bb5860d
bgzf_plain	fastp	wgbs	48	1	OK	81.61	547.29	71.87	2064532	0.02	29.43	51.80	0.37	56760748	7942033430	03f40c597f_f59bb5860d
gz_gz	fastp	wgbs	48	2	OK	78.11	722.45	47.07	1914456	0.04	28.93	48.74	0.41	56760748	7942033430	-
gz_gz_z1	fastp	wgbs	48	2	OK	79.62	628.50	52.00	1883708	0.04	30.22	49.02	0.35	56760748	7942033430	-
gz_plain	fastp	wgbs	48	2	OK	75.64	526.97	50.97	2071608	0.04	28.49	46.72	0.40	56760748	7942033430	-
gz_none	fastp	wgbs	48	2	OK	74.54	518.55	41.84	1884548	0.04	28.58	45.56	0.36	56760748	7942033430	-
plain_gz	fastp	wgbs	48	2	OK	69.07	729.70	45.64	1887608	0.02	28.40	40.30	0.35	56760748	7942033430	-
plain_plain	fastp	wgbs	48	2	OK	68.67	528.40	50.56	2081184	0.02	28.65	39.61	0.39	56760748	7942033430	-
plain_none	fastp	wgbs	48	2	OK	68.77	521.90	41.88	1892600	0.02	28.72	39.63	0.41	56760748	7942033430	-
bgzf_gz	fastp	wgbs	48	2	OK	83.09	745.15	54.59	1892912	0.02	30.50	52.21	0.37	56760748	7942033430	-
bgzf_plain	fastp	wgbs	48	2	OK	80.28	532.40	58.77	2062664	0.02	29.32	50.58	0.36	56760748	7942033430	-
gz_gz	fastp	atac_hiseq	16	1	OK	191.83	2499.74	39.91	1360076	0.04	0.75	190.76	0.27	385809298	19290464900	49e8b8a033_a9d720535d
gz_gz_z1	fastp	atac_hiseq	16	1	OK	193.17	2203.51	46.89	1343088	0.04	0.77	192.10	0.26	385809298	19290464900	49e8b8a033_a9d720535d
gz_plain	fastp	atac_hiseq	16	1	OK	190.97	1969.38	64.61	1426984	0.04	0.75	189.88	0.29	385809298	19290464900	49e8b8a033_a9d720535d
gz_none	fastp	atac_hiseq	16	1	OK	195.23	1915.28	40.63	1320848	0.04	0.75	194.16	0.27	385809298	19290464900	-
plain_gz	fastp	atac_hiseq	16	1	OK	163.62	2440.86	37.74	1346168	0.02	0.67	162.67	0.26	385809298	19290464900	49e8b8a033_a9d720535d
plain_plain	fastp	atac_hiseq	16	1	OK	174.21	1898.21	63.52	1409912	0.02	0.66	173.27	0.27	385809298	19290464900	49e8b8a033_a9d720535d
plain_none	fastp	atac_hiseq	16	1	OK	179.67	1879.92	40.99	1311228	0.02	0.68	178.70	0.28	385809298	19290464900	-
bgzf_gz	fastp	atac_hiseq	16	1	OK	187.56	2753.99	123.21	1360260	0.02	0.71	186.56	0.28	385809298	19290464900	49e8b8a033_a9d720535d
bgzf_plain	fastp	atac_hiseq	16	1	OK	188.98	2227.05	146.91	1424388	0.02	0.70	187.95	0.30	385809298	19290464900	49e8b8a033_a9d720535d
gz_gz	fastp	atac_hiseq	16	2	OK	208.51	2612.28	43.51	1357720	0.04	0.77	207.42	0.28	385809298	19290464900	-
gz_gz_z1	fastp	atac_hiseq	16	2	OK	197.58	2276.20	49.91	1342656	0.04	0.77	196.50	0.27	385809298	19290464900	-
gz_plain	fastp	atac_hiseq	16	2	OK	209.69	2085.08	66.75	1420684	0.04	0.76	208.57	0.32	385809298	19290464900	-
gz_none	fastp	atac_hiseq	16	2	OK	208.22	2003.88	44.09	1320112	0.04	0.76	207.14	0.29	385809298	19290464900	-
plain_gz	fastp	atac_hiseq	16	2	OK	171.62	2531.98	42.20	1347772	0.02	0.66	170.67	0.27	385809298	19290464900	-
plain_plain	fastp	atac_hiseq	16	2	OK	179.65	2011.59	71.49	1416776	0.02	0.67	178.67	0.29	385809298	19290464900	-
plain_none	fastp	atac_hiseq	16	2	OK	190.74	1978.79	45.80	1310804	0.02	0.67	189.75	0.30	385809298	19290464900	-
bgzf_gz	fastp	atac_hiseq	16	2	OK	201.63	2843.03	130.52	1359840	0.02	0.72	200.61	0.28	385809298	19290464900	-
bgzf_plain	fastp	atac_hiseq	16	2	OK	201.15	2298.58	155.54	1427076	0.02	0.71	200.12	0.30	385809298	19290464900	-
gz_gz	fastp	atac_hiseq	48	1	OK	281.14	3323.68	228.98	1778520	0.04	0.76	279.93	0.41	385809298	19290464900	49e8b8a033_a9d720535d
gz_gz_z1	fastp	atac_hiseq	48	1	OK	275.15	2889.31	234.25	1757064	0.04	0.75	273.95	0.41	385809298	19290464900	49e8b8a033_a9d720535d
gz_plain	fastp	atac_hiseq	48	1	OK	287.56	2650.99	273.34	1978592	0.04	0.76	286.26	0.50	385809298	19290464900	49e8b8a033_a9d720535d
gz_none	fastp	atac_hiseq	48	1	OK	275.64	2565.49	222.37	1732492	0.04	0.78	274.40	0.42	385809298	19290464900	-
plain_gz	fastp	atac_hiseq	48	1	OK	237.34	3150.97	210.08	1761604	0.02	0.67	236.28	0.36	385809298	19290464900	49e8b8a033_a9d720535d
plain_plain	fastp	atac_hiseq	48	1	OK	238.61	2413.70	246.22	1953200	0.02	0.66	237.55	0.38	385809298	19290464900	49e8b8a033_a9d720535d
plain_none	fastp	atac_hiseq	48	1	OK	233.74	2358.48	207.87	1720904	0.02	0.66	232.62	0.45	385809298	19290464900	-
bgzf_gz	fastp	atac_hiseq	48	1	OK	266.97	3222.23	225.60	1773060	0.02	0.73	265.83	0.39	385809298	19290464900	49e8b8a033_a9d720535d
bgzf_plain	fastp	atac_hiseq	48	1	OK	271.50	2521.07	260.59	1968084	0.02	0.71	270.38	0.40	385809298	19290464900	49e8b8a033_a9d720535d
gz_gz	fastp	atac_hiseq	48	2	OK	259.51	3180.84	211.99	1776972	0.04	0.75	258.33	0.38	385809298	19290464900	-
gz_gz_z1	fastp	atac_hiseq	48	2	OK	253.05	2710.11	211.95	1757444	0.04	0.76	251.89	0.37	385809298	19290464900	-
gz_plain	fastp	atac_hiseq	48	2	OK	259.57	2442.96	245.32	1975600	0.04	0.75	258.39	0.39	385809298	19290464900	-
gz_none	fastp	atac_hiseq	48	2	OK	260.99	2415.62	207.22	1732536	0.04	0.76	259.76	0.43	385809298	19290464900	-
plain_gz	fastp	atac_hiseq	48	2	OK	230.22	3119.91	205.86	1762360	0.02	0.66	229.16	0.39	385809298	19290464900	-
plain_plain	fastp	atac_hiseq	48	2	OK	231.99	2411.53	243.00	1954876	0.02	0.66	230.89	0.42	385809298	19290464900	-
plain_none	fastp	atac_hiseq	48	2	OK	239.07	2433.82	209.20	1722884	0.02	0.67	237.96	0.42	385809298	19290464900	-
bgzf_gz	fastp	atac_hiseq	48	2	OK	273.61	3297.16	233.22	1772292	0.02	0.71	272.47	0.41	385809298	19290464900	-
bgzf_plain	fastp	atac_hiseq	48	2	OK	271.30	2579.81	272.79	1962752	0.02	0.71	270.17	0.40	385809298	19290464900	-
gz_gz	fastp	rna_se	16	1	OK	43.70	366.01	10.81	1238264	0.02	1.28	42.22	0.18	42623602	3195219866	26534391cc
gz_gz_z1	fastp	rna_se	16	1	OK	42.36	319.11	12.52	1239024	0.02	1.30	40.86	0.18	42623602	3195219866	26534391cc
gz_plain	fastp	rna_se	16	1	OK	41.98	288.55	14.10	1248320	0.02	1.32	40.46	0.19	42623602	3195219866	26534391cc
gz_none	fastp	rna_se	16	1	OK	40.47	275.95	10.05	1237912	0.02	1.29	38.97	0.19	42623602	3195219866	-
plain_gz	fastp	rna_se	16	1	OK	34.90	333.73	10.87	1233308	0.01	1.24	33.47	0.17	42623602	3195219866	26534391cc
plain_plain	fastp	rna_se	16	1	OK	35.13	266.11	13.11	1240128	0.01	1.23	33.69	0.19	42623602	3195219866	26534391cc
plain_none	fastp	rna_se	16	1	OK	34.66	270.09	10.17	1233332	0.01	1.24	33.22	0.19	42623602	3195219866	-
bgzf_gz	fastp	rna_se	16	1	OK	44.51	412.79	41.80	1242800	0.01	1.34	42.97	0.19	42623602	3195219866	26534391cc
bgzf_plain	fastp	rna_se	16	1	OK	46.78	331.17	43.31	1248956	0.01	1.33	45.25	0.19	42623602	3195219866	26534391cc
gz_gz	fastp	rna_se	16	2	OK	42.04	349.13	11.08	1237564	0.02	1.28	40.55	0.19	42623602	3195219866	-
gz_gz_z1	fastp	rna_se	16	2	OK	46.45	320.99	11.12	1238332	0.02	1.28	44.97	0.18	42623602	3195219866	-
gz_plain	fastp	rna_se	16	2	OK	42.91	289.88	12.00	1244444	0.02	1.28	41.42	0.19	42623602	3195219866	-
gz_none	fastp	rna_se	16	2	OK	43.45	282.33	8.98	1236340	0.02	1.29	41.95	0.20	42623602	3195219866	-
plain_gz	fastp	rna_se	16	2	OK	35.75	342.84	9.90	1234492	0.01	1.24	34.32	0.18	42623602	3195219866	-
plain_plain	fastp	rna_se	16	2	OK	38.82	279.39	13.34	1241344	0.01	1.24	37.38	0.18	42623602	3195219866	-
plain_none	fastp	rna_se	16	2	OK	35.08	270.56	10.00	1233232	0.01	1.24	33.63	0.19	42623602	3195219866	-
bgzf_gz	fastp	rna_se	16	2	OK	45.46	416.23	41.15	1244720	0.01	1.32	43.94	0.18	42623602	3195219866	-
bgzf_plain	fastp	rna_se	16	2	OK	45.34	330.44	45.58	1250100	0.01	1.33	43.82	0.18	42623602	3195219866	-
gz_gz	fastp	rna_se	48	1	OK	53.76	418.78	39.56	1416020	0.02	1.28	52.24	0.22	42623602	3195219866	26534391cc
gz_gz_z1	fastp	rna_se	48	1	OK	53.27	370.80	42.65	1398420	0.02	1.28	51.73	0.23	42623602	3195219866	26534391cc
gz_plain	fastp	rna_se	48	1	OK	54.97	332.61	42.94	1501288	0.02	1.29	53.41	0.25	42623602	3195219866	26534391cc
gz_none	fastp	rna_se	48	1	OK	53.24	327.67	39.08	1364228	0.02	1.29	51.69	0.24	42623602	3195219866	-
plain_gz	fastp	rna_se	48	1	OK	46.54	404.27	38.96	1411028	0.01	1.24	45.06	0.23	42623602	3195219866	26534391cc
plain_plain	fastp	rna_se	48	1	OK	45.74	316.76	42.96	1479180	0.01	1.24	44.25	0.24	42623602	3195219866	26534391cc
plain_none	fastp	rna_se	48	1	OK	45.87	322.26	38.71	1361208	0.01	1.24	44.39	0.24	42623602	3195219866	-
bgzf_gz	fastp	rna_se	48	1	OK	56.88	424.35	43.14	1412168	0.01	1.33	55.29	0.25	42623602	3195219866	26534391cc
bgzf_plain	fastp	rna_se	48	1	OK	57.28	339.63	47.67	1482012	0.01	1.33	55.71	0.23	42623602	3195219866	26534391cc
gz_gz	fastp	rna_se	48	2	OK	54.05	414.67	40.62	1413412	0.02	1.28	52.52	0.23	42623602	3195219866	-
gz_gz_z1	fastp	rna_se	48	2	OK	54.84	369.52	41.41	1398456	0.02	1.28	53.33	0.21	42623602	3195219866	-
gz_plain	fastp	rna_se	48	2	OK	53.63	336.16	42.92	1489464	0.02	1.28	52.09	0.24	42623602	3195219866	-
gz_none	fastp	rna_se	48	2	OK	53.27	327.31	40.47	1364248	0.02	1.29	51.72	0.23	42623602	3195219866	-
plain_gz	fastp	rna_se	48	2	OK	45.88	405.95	36.23	1409912	0.01	1.23	44.42	0.21	42623602	3195219866	-
plain_plain	fastp	rna_se	48	2	OK	46.24	321.02	43.30	1478328	0.01	1.25	44.74	0.23	42623602	3195219866	-
plain_none	fastp	rna_se	48	2	OK	45.71	325.78	40.61	1361488	0.01	1.24	44.23	0.24	42623602	3195219866	-
bgzf_gz	fastp	rna_se	48	2	OK	57.70	427.03	44.14	1411016	0.01	1.32	56.15	0.22	42623602	3195219866	-
bgzf_plain	fastp	rna_se	48	2	OK	56.36	339.70	46.92	1480144	0.01	1.32	54.76	0.26	42623602	3195219866	-
