machine	build	dataset	threads	rep	result	wall	user	sys	maxrss_kb	pre	detect	process	finalize	reads	bases	digest
c4-standard-96_smt-off	master	rna_nova	16	1	OK	64.85	855.45	7.25	1402372	0.14	6.61	57.93	0.16	62078114	9311717100	ca4c9dd167_2e3f95297f
c4-standard-96_smt-off	stack	rna_nova	16	1	OK	54.01	857.82	7.37	1353220	0.07	0.81	52.97	0.15	62078114	9311717100	ca4c9dd167_2e3f95297f
c4-standard-96_smt-off	gapfast	rna_nova	16	1	OK	60.04	948.06	8.47	1355524	0.07	0.79	59.03	0.15	62078114	9311717100	59d367e71d_511ddc780f
c4-standard-96_smt-off	gapfast	rna_nova	16	2	OK	59.77	947.07	8.52	1355904	0.07	0.78	58.77	0.15	62078114	9311717100	-
c4-standard-96_smt-off	stack	rna_nova	16	2	OK	53.72	855.68	6.61	1357056	0.07	0.82	52.68	0.16	62078114	9311717100	-
c4-standard-96_smt-off	master	rna_nova	16	2	OK	64.47	855.52	7.23	1402372	0.07	6.44	57.80	0.16	62078114	9311717100	-
c4-standard-96_smt-off	master	rna_nova	24	1	OK	121.72	978.86	20.56	1514884	0.07	6.49	115.00	0.16	62078114	9311717100	ca4c9dd167_2e3f95297f
c4-standard-96_smt-off	stack	rna_nova	24	1	OK	42.99	1017.40	7.47	1395844	0.07	0.82	41.87	0.23	62078114	9311717100	ca4c9dd167_2e3f95297f
c4-standard-96_smt-off	gapfast	rna_nova	24	1	OK	47.87	1130.77	9.22	1398148	0.07	0.78	46.86	0.15	62078114	9311717100	59d367e71d_511ddc780f
c4-standard-96_smt-off	gapfast	rna_nova	24	2	OK	47.57	1124.91	9.04	1397380	0.07	0.79	46.55	0.16	62078114	9311717100	-
c4-standard-96_smt-off	stack	rna_nova	24	2	OK	43.06	1017.79	8.56	1398144	0.07	0.82	42.02	0.16	62078114	9311717100	-
c4-standard-96_smt-off	master	rna_nova	24	2	OK	121.86	981.59	20.83	1517184	0.07	6.48	115.15	0.16	62078114	9311717100	-
c4-standard-96_smt-off	stack	rna_nova	48	1	OK	44.28	1111.44	28.72	1525640	0.07	0.82	43.23	0.16	62078114	9311717100	ca4c9dd167_2e3f95297f
c4-standard-96_smt-off	gapfast	rna_nova	48	1	OK	45.34	1227.00	26.71	1532548	0.07	0.80	44.30	0.17	62078114	9311717100	59d367e71d_511ddc780f
c4-standard-96_smt-off	gapfast	rna_nova	48	2	OK	45.13	1226.77	26.87	1534080	0.08	0.80	44.08	0.17	62078114	9311717100	-
c4-standard-96_smt-off	stack	rna_nova	48	2	OK	44.38	1113.53	28.44	1532932	0.07	0.83	43.32	0.17	62078114	9311717100	-
c4-standard-96_smt-off	master	atac_hiseq	16	1	OK	198.38	2130.52	29.51	1357832	0.16	0.76	197.30	0.16	385809298	19290464900	49e8b8a033_a9d720535d
c4-standard-96_smt-off	stack	atac_hiseq	16	1	OK	147.09	2164.73	21.45	1291008	0.07	0.41	146.45	0.16	385809298	19290464900	49e8b8a033_a9d720535d
c4-standard-96_smt-off	gapfast	atac_hiseq	16	1	OK	141.83	2023.99	22.23	1285636	0.07	0.40	141.19	0.18	385809298	19290464900	e324c15406_701df25689
c4-standard-96_smt-off	gapfast	atac_hiseq	16	2	OK	138.34	2023.92	21.44	1286404	0.08	0.39	137.71	0.15	385809298	19290464900	-
c4-standard-96_smt-off	stack	atac_hiseq	16	2	OK	146.49	2166.71	21.41	1289852	0.08	0.42	145.84	0.15	385809298	19290464900	-
c4-standard-96_smt-off	master	atac_hiseq	16	2	OK	192.82	2130.06	28.75	1357828	0.08	0.68	191.89	0.16	385809298	19290464900	-
c4-standard-96_smt-off	master	atac_hiseq	24	1	OK	335.89	2436.08	85.61	1450756	0.08	0.66	334.98	0.17	385809298	19290464900	49e8b8a033_a9d720535d
c4-standard-96_smt-off	stack	atac_hiseq	24	1	OK	152.33	2531.68	30.16	1341700	0.07	0.41	151.69	0.16	385809298	19290464900	49e8b8a033_a9d720535d
c4-standard-96_smt-off	gapfast	atac_hiseq	24	1	OK	150.19	2380.90	30.99	1338240	0.07	0.39	149.57	0.16	385809298	19290464900	e324c15406_701df25689
c4-standard-96_smt-off	gapfast	atac_hiseq	24	2	OK	150.32	2382.78	29.98	1337860	0.10	0.40	149.67	0.15	385809298	19290464900	-
c4-standard-96_smt-off	stack	atac_hiseq	24	2	OK	149.60	2534.29	31.60	1340932	0.08	0.40	148.95	0.17	385809298	19290464900	-
c4-standard-96_smt-off	master	atac_hiseq	24	2	OK	335.37	2447.32	86.04	1450756	0.08	0.67	334.46	0.17	385809298	19290464900	-
c4-standard-96_smt-off	stack	atac_hiseq	48	1	OK	176.95	2864.02	173.25	1486852	0.07	0.41	176.30	0.18	385809298	19290464900	49e8b8a033_a9d720535d
c4-standard-96_smt-off	gapfast	atac_hiseq	48	1	OK	174.16	2659.90	173.43	1481080	0.09	0.43	173.47	0.17	385809298	19290464900	e324c15406_701df25689
c4-standard-96_smt-off	gapfast	atac_hiseq	48	2	OK	185.45	2665.96	180.90	1483396	0.08	0.39	184.74	0.24	385809298	19290464900	-
c4-standard-96_smt-off	stack	atac_hiseq	48	2	OK	174.39	2859.94	169.48	1485704	0.07	0.41	173.74	0.17	385809298	19290464900	-
n2d-highmem-96_smt-off	master	rna_nova	16	1	OK	77.08	958.24	15.46	1402376	0.13	6.95	69.70	0.31	62078114	9311717100	ca4c9dd167_2e3f95297f
n2d-highmem-96_smt-off	stack	rna_nova	16	1	OK	58.02	938.90	16.37	1349380	0.08	0.90	56.71	0.33	62078114	9311717100	ca4c9dd167_2e3f95297f
n2d-highmem-96_smt-off	gapfast	rna_nova	16	1	OK	62.46	1027.32	18.50	1345920	0.08	0.86	61.24	0.29	62078114	9311717100	59d367e71d_511ddc780f
n2d-highmem-96_smt-off	gapfast	rna_nova	16	2	OK	61.79	1015.33	17.85	1345116	0.07	0.85	60.57	0.30	62078114	9311717100	-
n2d-highmem-96_smt-off	stack	rna_nova	16	2	OK	57.77	922.78	14.26	1346260	0.07	0.87	56.50	0.33	62078114	9311717100	-
n2d-highmem-96_smt-off	master	rna_nova	16	2	OK	71.00	911.63	12.73	1401604	0.07	6.86	63.68	0.39	62078114	9311717100	-
n2d-highmem-96_smt-off	master	rna_nova	24	1	OK	119.69	946.48	29.30	1517192	0.07	6.85	112.44	0.33	62078114	9311717100	ca4c9dd167_2e3f95297f
n2d-highmem-96_smt-off	stack	rna_nova	24	1	OK	59.39	960.32	21.70	1398912	0.07	0.87	58.09	0.35	62078114	9311717100	ca4c9dd167_2e3f95297f
n2d-highmem-96_smt-off	gapfast	rna_nova	24	1	OK	60.44	1049.72	16.63	1400072	0.08	0.86	59.19	0.31	62078114	9311717100	59d367e71d_511ddc780f
n2d-highmem-96_smt-off	gapfast	rna_nova	24	2	OK	57.71	1038.56	17.07	1398148	0.07	0.86	56.43	0.35	62078114	9311717100	-
n2d-highmem-96_smt-off	stack	rna_nova	24	2	OK	59.86	955.85	19.65	1400836	0.07	0.86	58.60	0.32	62078114	9311717100	-
n2d-highmem-96_smt-off	master	rna_nova	24	2	OK	117.08	933.95	30.62	1516416	0.07	6.85	109.79	0.36	62078114	9311717100	-
n2d-highmem-96_smt-off	stack	rna_nova	48	1	OK	65.77	994.16	64.47	1517188	0.07	0.87	64.47	0.35	62078114	9311717100	ca4c9dd167_2e3f95297f
n2d-highmem-96_smt-off	gapfast	rna_nova	48	1	OK	67.52	1088.48	63.15	1517180	0.07	0.86	66.27	0.32	62078114	9311717100	59d367e71d_511ddc780f
n2d-highmem-96_smt-off	gapfast	rna_nova	48	2	OK	67.24	1068.98	59.28	1522948	0.07	0.85	65.97	0.34	62078114	9311717100	-
n2d-highmem-96_smt-off	stack	rna_nova	48	2	OK	65.47	970.25	63.53	1513732	0.07	0.87	64.19	0.34	62078114	9311717100	-
n2d-highmem-96_smt-off	master	atac_hiseq	16	1	OK	292.72	2959.53	73.01	1357824	0.12	0.86	291.38	0.36	385809298	19290464900	49e8b8a033_a9d720535d
n2d-highmem-96_smt-off	stack	atac_hiseq	16	1	OK	291.51	2899.45	54.04	1289092	0.08	0.47	290.65	0.31	385809298	19290464900	49e8b8a033_a9d720535d
n2d-highmem-96_smt-off	gapfast	atac_hiseq	16	1	OK	294.41	2834.27	55.93	1284480	0.08	0.46	293.56	0.32	385809298	19290464900	e324c15406_701df25689
n2d-highmem-96_smt-off	gapfast	atac_hiseq	16	2	OK	287.81	2814.92	56.44	1284868	0.08	0.46	286.95	0.31	385809298	19290464900	-
n2d-highmem-96_smt-off	stack	atac_hiseq	16	2	OK	306.43	3094.20	61.68	1287940	0.08	0.46	305.58	0.31	385809298	19290464900	-
n2d-highmem-96_smt-off	master	atac_hiseq	16	2	OK	290.34	3056.13	71.34	1359364	0.08	0.82	289.08	0.37	385809298	19290464900	-
n2d-highmem-96_smt-off	master	atac_hiseq	24	1	OK	397.84	3069.15	137.43	1449992	0.08	0.82	396.59	0.36	385809298	19290464900	49e8b8a033_a9d720535d
n2d-highmem-96_smt-off	stack	atac_hiseq	24	1	OK	316.29	3015.85	101.01	1344004	0.09	0.47	315.39	0.35	385809298	19290464900	49e8b8a033_a9d720535d
n2d-highmem-96_smt-off	gapfast	atac_hiseq	24	1	OK	308.47	2930.06	98.44	1339776	0.12	0.51	307.53	0.32	385809298	19290464900	e324c15406_701df25689
n2d-highmem-96_smt-off	gapfast	atac_hiseq	24	2	OK	306.20	2896.89	100.00	1339400	0.08	0.46	305.34	0.33	385809298	19290464900	-
n2d-highmem-96_smt-off	stack	atac_hiseq	24	2	OK	310.73	3082.18	99.21	1343236	0.08	0.46	309.87	0.33	385809298	19290464900	-
n2d-highmem-96_smt-off	master	atac_hiseq	24	2	OK	405.57	3116.69	143.24	1448836	0.08	0.81	404.38	0.31	385809298	19290464900	-
n2d-highmem-96_smt-off	stack	atac_hiseq	48	1	OK	368.15	3548.36	387.49	1487232	0.08	0.48	367.23	0.36	385809298	19290464900	49e8b8a033_a9d720535d
n2d-highmem-96_smt-off	gapfast	atac_hiseq	48	1	OK	357.40	3330.14	383.16	1475716	0.08	0.48	356.51	0.33	385809298	19290464900	e324c15406_701df25689
n2d-highmem-96_smt-off	gapfast	atac_hiseq	48	2	OK	363.15	3231.22	371.96	1484932	0.08	0.47	362.24	0.37	385809298	19290464900	-
n2d-highmem-96_smt-off	stack	atac_hiseq	48	2	OK	378.21	3400.88	371.09	1486468	0.08	0.48	377.29	0.37	385809298	19290464900	-
