build	dataset	threads	rep	result	wall	user	sys	maxrss_kb	pre	detect	process	finalize	reads	bases	digest
master	atac_hiseq	8	1	OK	276.67	2433.09	43.05	1271044	0.10	0.83	275.50	0.25	385809298	19290464900	49e8b8a033_a9d720535d
stack	atac_hiseq	8	1	OK	270.77	2382.55	39.36	1268740	0.07	0.45	270.03	0.22	385809298	19290464900	49e8b8a033_a9d720535d
stack	atac_hiseq	8	2	OK	270.71	2374.16	41.04	1269512	0.07	0.45	269.97	0.21	385809298	19290464900	-
master	atac_hiseq	8	2	OK	277.74	2435.47	43.40	1270652	0.07	0.80	276.61	0.26	385809298	19290464900	-
master	atac_hiseq	16	1	OK	235.76	2708.11	62.74	1358980	0.07	0.80	234.64	0.25	385809298	19290464900	49e8b8a033_a9d720535d
stack	atac_hiseq	16	1	OK	210.94	2631.77	44.35	1286404	0.07	0.46	210.13	0.28	385809298	19290464900	49e8b8a033_a9d720535d
stack	atac_hiseq	16	2	OK	215.38	2678.43	45.98	1288708	0.07	0.46	214.58	0.27	385809298	19290464900	-
master	atac_hiseq	16	2	OK	227.42	2631.62	58.50	1357828	0.07	0.80	226.28	0.27	385809298	19290464900	-
master	atac_hiseq	default	1	OK	706.34	2347.57	42.08	1257604	0.08	0.80	705.27	0.19	385809298	19290464900	49e8b8a033_a9d720535d
stack	atac_hiseq	default	1	OK	699.49	2321.45	46.23	1257988	0.07	0.46	698.75	0.21	385809298	19290464900	49e8b8a033_a9d720535d
stack	atac_hiseq	default	2	OK	701.69	2336.20	47.04	1258372	0.07	0.46	700.97	0.20	385809298	19290464900	-
master	atac_hiseq	default	2	OK	697.47	2320.31	45.45	1258372	0.07	0.80	696.39	0.20	385809298	19290464900	-
stack	atac_hiseq	48	1	OK	290.89	3452.73	352.12	1477636	0.07	0.46	290.07	0.30	385809298	19290464900	49e8b8a033_a9d720535d
master	rna_se	8	1	OK	42.39	326.83	6.76	1238408	0.04	1.32	40.86	0.17	42623602	3195219866	26534391cc
stack	rna_se	8	1	OK	39.41	320.56	6.17	1238792	0.04	0.34	38.87	0.15	42623602	3195219866	26534391cc
stack	rna_se	8	2	OK	40.13	321.77	7.08	1238404	0.04	0.34	39.59	0.16	42623602	3195219866	-
master	rna_se	8	2	OK	41.98	326.49	6.81	1237636	0.04	1.31	40.47	0.16	42623602	3195219866	-
master	rna_se	16	1	OK	44.59	352.54	12.16	1238404	0.04	1.31	43.07	0.17	42623602	3195219866	26534391cc
stack	rna_se	16	1	OK	41.66	346.06	10.32	1228420	0.04	0.35	41.12	0.15	42623602	3195219866	26534391cc
stack	rna_se	16	2	OK	41.34	342.62	10.21	1228804	0.04	0.34	40.81	0.15	42623602	3195219866	-
master	rna_se	16	2	OK	45.43	354.71	13.19	1238400	0.04	1.32	43.91	0.16	42623602	3195219866	-
master	rna_se	default	1	OK	98.42	310.30	7.51	1235716	0.04	1.31	96.89	0.17	42623602	3195219866	26534391cc
stack	rna_se	default	1	OK	98.01	310.79	7.86	1237632	0.04	0.34	97.46	0.16	42623602	3195219866	26534391cc
stack	rna_se	default	2	OK	97.49	309.56	8.02	1238016	0.04	0.34	96.94	0.16	42623602	3195219866	-
master	rna_se	default	2	OK	97.25	306.08	7.13	1236100	0.04	1.31	95.74	0.16	42623602	3195219866	-
stack	rna_se	48	1	OK	65.41	470.05	84.39	1271428	0.04	0.34	64.88	0.15	42623602	3195219866	26534391cc
master	rna_nova	8	1	OK	114.49	914.93	17.25	1332100	0.11	6.87	107.24	0.26	62078114	9311717100	ca4c9dd167_2e3f95297f
stack	rna_nova	8	1	OK	104.58	900.15	15.31	1334404	0.07	0.85	103.41	0.26	62078114	9311717100	ca4c9dd167_2e3f95297f
stack	rna_nova	8	2	OK	106.59	898.89	17.59	1335176	0.07	0.84	105.42	0.26	62078114	9311717100	-
master	rna_nova	8	2	OK	113.33	911.88	17.79	1334404	0.07	6.85	106.14	0.27	62078114	9311717100	-
master	rna_nova	16	1	OK	71.60	927.68	14.68	1400448	0.07	6.83	64.43	0.28	62078114	9311717100	ca4c9dd167_2e3f95297f
stack	rna_nova	16	1	OK	58.18	935.04	18.12	1348228	0.07	0.84	56.98	0.29	62078114	9311717100	ca4c9dd167_2e3f95297f
stack	rna_nova	16	2	OK	56.84	917.61	17.47	1350148	0.07	0.84	55.66	0.28	62078114	9311717100	-
master	rna_nova	16	2	OK	72.25	928.12	15.24	1400832	0.07	6.84	65.06	0.29	62078114	9311717100	-
master	rna_nova	default	1	OK	278.72	877.44	22.21	1316740	0.07	6.83	271.51	0.32	62078114	9311717100	ca4c9dd167_2e3f95297f
stack	rna_nova	default	1	OK	271.38	875.11	18.89	1317508	0.07	0.86	270.20	0.25	62078114	9311717100	ca4c9dd167_2e3f95297f
stack	rna_nova	default	2	OK	277.78	884.68	22.64	1316740	0.07	0.85	276.61	0.26	62078114	9311717100	-
master	rna_nova	default	2	OK	277.30	878.15	15.79	1317124	0.07	6.82	270.17	0.24	62078114	9311717100	-
stack	rna_nova	48	1	OK	75.44	1260.52	80.07	1516416	0.07	0.85	74.20	0.33	62078114	9311717100	ca4c9dd167_2e3f95297f
master	wgbs	8	1	OK	98.87	642.90	11.50	1715716	0.07	30.26	68.22	0.33	56760748	7942033430	03f40c597f_f59bb5860d
stack	wgbs	8	1	OK	86.44	627.32	13.10	1713028	0.07	17.67	68.39	0.31	56760748	7942033430	03f40c597f_f59bb5860d
stack	wgbs	8	2	OK	85.94	628.09	12.17	1714564	0.07	17.56	68.02	0.29	56760748	7942033430	-
master	wgbs	8	2	OK	98.41	636.14	11.35	1714952	0.06	30.28	67.78	0.29	56760748	7942033430	-
master	wgbs	16	1	OK	85.59	669.33	15.40	1734912	0.07	30.20	55.03	0.30	56760748	7942033430	03f40c597f_f59bb5860d
stack	wgbs	16	1	OK	70.92	641.03	12.03	1709572	0.07	18.97	51.61	0.27	56760748	7942033430	03f40c597f_f59bb5860d
stack	wgbs	16	2	OK	68.84	636.69	10.61	1722628	0.06	17.32	51.20	0.25	56760748	7942033430	-
master	wgbs	16	2	OK	83.63	664.69	14.51	1738756	0.07	29.23	54.05	0.29	56760748	7942033430	-
master	wgbs	default	1	OK	217.78	644.28	18.32	1709956	0.06	33.20	184.20	0.31	56760748	7942033430	03f40c597f_f59bb5860d
stack	wgbs	default	1	OK	198.11	606.60	15.83	1709956	0.07	18.24	179.53	0.27	56760748	7942033430	03f40c597f_f59bb5860d
stack	wgbs	default	2	OK	192.70	618.55	11.75	1709572	0.07	15.44	176.93	0.27	56760748	7942033430	-
master	wgbs	default	2	OK	203.04	622.90	10.91	1709572	0.07	28.21	174.51	0.25	56760748	7942033430	-
stack	wgbs	48	1	OK	87.32	784.20	66.86	1734916	0.06	15.29	71.70	0.27	56760748	7942033430	03f40c597f_f59bb5860d
master	mirna	8	1	OK	120.82	566.61	15.92	1223808	0.04	0.28	120.28	0.21	89171294	4547735994	262c9348db
stack	mirna	8	1	OK	109.76	555.39	14.67	1225728	0.04	0.27	109.25	0.20	89171294	4547735994	262c9348db
stack	mirna	8	2	OK	108.32	546.69	14.51	1223428	0.04	0.27	107.81	0.20	89171294	4547735994	-
master	mirna	8	2	OK	117.40	566.64	16.89	1228804	0.05	0.28	116.84	0.23	89171294	4547735994	-
master	mirna	16	1	OK	111.63	578.98	29.52	1247236	0.04	0.28	111.05	0.25	89171294	4547735994	262c9348db
stack	mirna	16	1	OK	109.90	568.73	25.86	1241856	0.04	0.27	109.35	0.24	89171294	4547735994	262c9348db
stack	mirna	16	2	OK	112.00	577.25	24.79	1238784	0.04	0.27	111.46	0.23	89171294	4547735994	-
master	mirna	16	2	OK	106.96	575.66	26.73	1247620	0.04	0.28	106.41	0.22	89171294	4547735994	-
master	mirna	default	1	OK	153.88	527.13	11.71	1219588	0.05	0.28	153.34	0.21	89171294	4547735994	262c9348db
stack	mirna	default	1	OK	152.02	543.89	9.52	1220736	0.04	0.27	151.54	0.17	89171294	4547735994	262c9348db
stack	mirna	default	2	OK	153.17	521.39	11.56	1219972	0.05	0.27	152.67	0.19	89171294	4547735994	-
master	mirna	default	2	OK	155.15	520.65	11.69	1219968	0.04	0.28	154.65	0.18	89171294	4547735994	-
stack	mirna	48	1	OK	161.17	770.46	215.99	1318660	0.05	0.27	160.55	0.30	89171294	4547735994	262c9348db
master	atac_nextseq	8	1	OK	105.11	930.95	19.70	1365892	0.07	0.72	103.98	0.35	85351660	12888100660	9444631de4_a9642b207e
stack	atac_nextseq	8	1	OK	105.39	935.95	19.82	1364356	0.06	0.72	104.24	0.37	85351660	12888100660	9444631de4_a9642b207e
stack	atac_nextseq	8	2	OK	105.65	932.46	19.29	1364352	0.06	0.71	104.53	0.35	85351660	12888100660	-
master	atac_nextseq	8	2	OK	104.08	931.71	17.77	1366272	0.06	0.73	102.93	0.36	85351660	12888100660	-
master	atac_nextseq	16	1	OK	83.66	972.29	25.00	1514496	0.07	0.72	82.33	0.54	85351660	12888100660	9444631de4_a9642b207e
stack	atac_nextseq	16	1	OK	77.00	959.47	18.90	1447300	0.07	0.71	75.66	0.56	85351660	12888100660	9444631de4_a9642b207e
stack	atac_nextseq	16	2	OK	80.72	967.48	19.93	1443844	0.07	0.72	79.40	0.54	85351660	12888100660	-
master	atac_nextseq	16	2	OK	82.25	975.86	22.23	1514884	0.07	0.72	80.94	0.53	85351660	12888100660	-
master	atac_nextseq	default	1	OK	265.99	875.84	18.63	1329796	0.06	0.73	264.90	0.30	85351660	12888100660	9444631de4_a9642b207e
stack	atac_nextseq	default	1	OK	264.70	898.90	18.59	1331716	0.06	0.71	263.59	0.33	85351660	12888100660	9444631de4_a9642b207e
stack	atac_nextseq	default	2	OK	268.37	890.62	18.53	1330948	0.07	0.71	267.31	0.28	85351660	12888100660	-
master	atac_nextseq	default	2	OK	263.29	867.08	19.30	1329796	0.06	0.72	262.24	0.27	85351660	12888100660	-
stack	atac_nextseq	48	1	OK	102.12	1243.93	103.74	1955716	0.07	0.71	100.17	1.18	85351660	12888100660	9444631de4_a9642b207e
