dataset	subset	N	cores	rep	wall	user	sys	instructions	reads_in	adapter_trimmed_reads
rna_nova	full	31039057	4	1	235.22	890.24	7.96	na	62078114	1312076
rna_nova	head	250000	4	1	9.42	13.86	0.78	na	500000	11144
rna_nova	random	250000	4	1	13.08	17.60	0.74	na	500000	10348
rna_nova	head	1000000	4	1	14.68	34.45	0.89	na	2000000	43741
rna_nova	random	1000000	4	1	15.47	35.48	0.92	na	2000000	42261
rna_nova	head	4000000	4	1	36.47	118.75	1.85	na	8000000	171848
rna_nova	random	4000000	4	1	36.95	120.53	1.80	na	8000000	169757
rna_nova	head	16000000	4	1	124.28	459.75	4.64	na	32000000	676913
rna_nova	random	16000000	4	1	126.51	465.05	4.46	na	32000000	675991
rna_nova	full	31039057	4	2	236.53	894.17	7.59	na	62078114	1312076
rna_nova	head	250000	4	2	9.42	13.81	0.76	na	500000	11144
rna_nova	random	250000	4	2	13.12	17.61	0.78	na	500000	10348
rna_nova	head	1000000	4	2	14.86	34.90	0.91	na	2000000	43741
rna_nova	random	1000000	4	2	15.52	35.59	0.92	na	2000000	42261
rna_nova	head	4000000	4	2	36.74	119.45	1.87	na	8000000	171848
rna_nova	random	4000000	4	2	37.06	121.04	1.73	na	8000000	169757
rna_nova	head	16000000	4	2	124.16	459.22	4.67	na	32000000	676913
rna_nova	random	16000000	4	2	126.90	466.30	4.72	na	32000000	675991
rna_nova	full	31039057	16	1	66.16	936.12	8.43	na	62078114	1312076
rna_nova	head	250000	16	1	8.33	14.57	0.87	na	500000	11144
rna_nova	random	250000	16	1	12.01	18.50	0.85	na	500000	10348
rna_nova	head	1000000	16	1	9.73	37.20	0.95	na	2000000	43741
rna_nova	random	1000000	16	1	10.33	37.82	0.94	na	2000000	42261
rna_nova	head	4000000	16	1	15.76	128.06	1.74	na	8000000	171848
rna_nova	random	4000000	16	1	15.42	127.55	1.58	na	8000000	169757
rna_nova	head	16000000	16	1	37.30	478.71	4.52	na	32000000	676913
rna_nova	random	16000000	16	1	39.42	486.85	5.41	na	32000000	675991
rna_nova	full	31039057	16	2	65.86	933.27	9.93	na	62078114	1312076
rna_nova	head	250000	16	2	8.33	14.92	0.82	na	500000	11144
rna_nova	random	250000	16	2	11.98	18.55	0.83	na	500000	10348
rna_nova	head	1000000	16	2	9.60	36.36	0.97	na	2000000	43741
rna_nova	random	1000000	16	2	10.53	38.52	1.25	na	2000000	42261
rna_nova	head	4000000	16	2	15.11	124.59	1.36	na	8000000	171848
rna_nova	random	4000000	16	2	15.97	132.12	2.22	na	8000000	169757
rna_nova	head	16000000	16	2	37.51	481.08	4.07	na	32000000	676913
rna_nova	random	16000000	16	2	39.13	485.68	6.90	na	32000000	675991
wgbs	full	28380374	4	1	155.81	508.19	5.80	na	56760748	2791372
wgbs	head	250000	4	1	29.62	31.67	0.95	na	500000	24861
wgbs	random	250000	4	1	28.82	31.06	0.93	na	500000	24563
wgbs	head	1000000	4	1	32.86	44.24	1.03	na	2000000	97872
wgbs	random	1000000	4	1	31.41	42.99	1.05	na	2000000	98058
wgbs	head	4000000	4	1	46.20	94.41	1.60	na	8000000	391189
wgbs	random	4000000	4	1	46.02	95.62	1.54	na	8000000	393483
wgbs	head	16000000	4	1	100.01	297.36	3.74	na	32000000	1573142
wgbs	random	16000000	4	1	102.18	304.88	3.91	na	32000000	1572782
wgbs	full	28380374	4	2	156.22	509.11	5.34	na	56760748	2791372
wgbs	head	250000	4	2	29.53	31.58	0.91	na	500000	24861
wgbs	random	250000	4	2	28.71	30.85	0.98	na	500000	24563
wgbs	head	1000000	4	2	32.88	44.02	1.08	na	2000000	97872
wgbs	random	1000000	4	2	31.56	43.43	1.11	na	2000000	98058
wgbs	head	4000000	4	2	46.61	94.87	1.56	na	8000000	391189
wgbs	random	4000000	4	2	46.33	96.57	1.64	na	8000000	393483
wgbs	head	16000000	4	2	101.38	301.64	3.69	na	32000000	1573142
wgbs	random	16000000	4	2	114.79	336.78	4.16	na	32000000	1572782
wgbs	full	28380374	16	1	67.41	551.89	7.54	na	56760748	2791372
wgbs	head	250000	16	1	28.97	32.18	1.00	na	500000	24861
wgbs	random	250000	16	1	28.75	32.32	1.05	na	500000	24563
wgbs	head	1000000	16	1	31.79	49.04	1.21	na	2000000	97872
wgbs	random	1000000	16	1	28.83	46.21	1.25	na	2000000	98058
wgbs	head	4000000	16	1	34.03	100.69	1.71	na	8000000	391189
wgbs	random	4000000	16	1	34.75	103.21	2.12	na	8000000	393483
wgbs	head	16000000	16	1	53.28	330.91	5.71	na	32000000	1573142
wgbs	random	16000000	16	1	59.30	349.07	6.73	na	32000000	1572782
wgbs	full	28380374	16	2	71.01	574.88	9.66	na	56760748	2791372
wgbs	head	250000	16	2	31.68	34.99	1.11	na	500000	24861
wgbs	random	250000	16	2	30.74	34.41	1.07	na	500000	24563
wgbs	head	1000000	16	2	31.68	48.27	1.26	na	2000000	97872
wgbs	random	1000000	16	2	30.39	47.90	1.32	na	2000000	98058
wgbs	head	4000000	16	2	36.52	104.48	1.87	na	8000000	391189
wgbs	random	4000000	16	2	36.92	111.54	2.35	na	8000000	393483
wgbs	head	16000000	16	2	54.90	334.64	5.64	na	32000000	1573142
wgbs	random	16000000	16	2	58.34	345.25	6.55	na	32000000	1572782
rna_se	full	42623602	4	1	86.18	318.27	4.41	na	42623602	1994901
rna_se	head	250000	4	1	2.66	3.23	0.77	na	250000	11348
rna_se	random	250000	4	1	2.55	3.17	0.78	na	250000	11597
rna_se	head	1000000	4	1	4.02	8.50	0.80	na	1000000	46723
rna_se	random	1000000	4	1	3.96	8.57	0.78	na	1000000	47030
rna_se	head	4000000	4	1	9.75	30.08	1.14	na	4000000	186491
rna_se	random	4000000	4	1	9.90	30.88	1.27	na	4000000	188063
rna_se	head	16000000	4	1	34.42	122.36	2.33	na	16000000	751378
rna_se	random	16000000	4	1	36.05	127.53	2.70	na	16000000	749530
rna_se	full	42623602	4	2	85.79	316.92	4.02	na	42623602	1994901
rna_se	head	250000	4	2	2.64	3.19	0.75	na	250000	11348
rna_se	random	250000	4	2	2.52	3.14	0.72	na	250000	11597
rna_se	head	1000000	4	2	4.11	8.77	0.81	na	1000000	46723
rna_se	random	1000000	4	2	3.97	8.54	0.82	na	1000000	47030
rna_se	head	4000000	4	2	11.24	34.55	1.22	na	4000000	186491
rna_se	random	4000000	4	2	11.12	34.04	1.23	na	4000000	188063
rna_se	head	16000000	4	2	37.37	131.02	2.41	na	16000000	751378
rna_se	random	16000000	4	2	33.94	119.93	2.38	na	16000000	749530
rna_se	full	42623602	16	1	40.18	354.34	8.85	na	42623602	1994901
rna_se	head	250000	16	1	2.36	3.65	0.73	na	250000	11348
rna_se	random	250000	16	1	2.28	3.47	0.74	na	250000	11597
rna_se	head	1000000	16	1	3.02	9.92	0.86	na	1000000	46723
rna_se	random	1000000	16	1	3.13	9.92	0.90	na	1000000	47030
rna_se	head	4000000	16	1	5.82	35.04	1.72	na	4000000	186491
rna_se	random	4000000	16	1	6.17	35.07	1.86	na	4000000	188063
rna_se	head	16000000	16	1	17.59	135.84	5.37	na	16000000	751378
rna_se	random	16000000	16	1	18.08	136.08	5.57	na	16000000	749530
rna_se	full	42623602	16	2	41.93	358.13	8.98	na	42623602	1994901
rna_se	head	250000	16	2	2.40	3.60	0.79	na	250000	11348
rna_se	random	250000	16	2	2.28	3.58	0.75	na	250000	11597
rna_se	head	1000000	16	2	3.06	9.82	0.86	na	1000000	46723
rna_se	random	1000000	16	2	2.96	10.49	0.83	na	1000000	47030
rna_se	head	4000000	16	2	5.88	34.70	1.33	na	4000000	186491
rna_se	random	4000000	16	2	6.43	36.59	2.47	na	4000000	188063
rna_se	head	16000000	16	2	17.23	138.08	4.64	na	16000000	751378
rna_se	random	16000000	16	2	17.86	136.51	5.22	na	16000000	749530
rna_nova	head_igzip1	250000	4	1	9.58	14.01	0.85	na	500000	11144
rna_nova	head_igzip1	1000000	4	1	15.08	35.08	0.95	na	2000000	43741
rna_nova	head_igzip1	4000000	4	1	37.82	122.06	2.10	na	8000000	171848
rna_nova	head_igzip1	16000000	4	1	128.01	469.56	4.91	na	32000000	676913
rna_nova	head_igzip1	250000	4	2	9.55	13.98	0.80	na	500000	11144
rna_nova	head_igzip1	1000000	4	2	15.04	35.12	0.92	na	2000000	43741
rna_nova	head_igzip1	4000000	4	2	37.83	122.12	2.04	na	8000000	171848
rna_nova	head_igzip1	16000000	4	2	128.06	470.14	4.78	na	32000000	676913
rna_nova	head_igzip1	250000	16	1	8.37	14.83	0.84	na	500000	11144
rna_nova	head_igzip1	1000000	16	1	9.89	37.24	0.98	na	2000000	43741
rna_nova	head_igzip1	4000000	16	1	15.76	127.74	1.49	na	8000000	171848
rna_nova	head_igzip1	16000000	16	1	40.56	497.06	5.68	na	32000000	676913
rna_nova	head_igzip1	250000	16	2	8.38	14.74	0.86	na	500000	11144
rna_nova	head_igzip1	1000000	16	2	10.47	43.33	1.07	na	2000000	43741
rna_nova	head_igzip1	4000000	16	2	15.81	127.88	1.53	na	8000000	171848
rna_nova	head_igzip1	16000000	16	2	39.98	494.19	5.93	na	32000000	676913
wgbs	head_igzip1	250000	4	1	33.33	35.49	0.99	na	500000	24861
wgbs	head_igzip1	1000000	4	1	36.09	47.91	1.15	na	2000000	97872
wgbs	head_igzip1	4000000	4	1	50.08	101.84	1.69	na	8000000	391189
wgbs	head_igzip1	16000000	4	1	107.01	316.88	4.31	na	32000000	1573142
wgbs	head_igzip1	250000	4	2	31.07	33.16	1.05	na	500000	24861
wgbs	head_igzip1	1000000	4	2	34.73	46.45	1.14	na	2000000	97872
wgbs	head_igzip1	4000000	4	2	48.81	99.90	1.68	na	8000000	391189
wgbs	head_igzip1	16000000	4	2	108.13	316.99	4.35	na	32000000	1573142
wgbs	head_igzip1	250000	16	1	30.62	34.74	1.10	na	500000	24861
wgbs	head_igzip1	1000000	16	1	32.20	49.50	1.32	na	2000000	97872
wgbs	head_igzip1	4000000	16	1	37.80	108.50	2.07	na	8000000	391189
wgbs	head_igzip1	16000000	16	1	58.11	341.73	5.73	na	32000000	1573142
wgbs	head_igzip1	250000	16	2	30.32	34.24	1.05	na	500000	24861
wgbs	head_igzip1	1000000	16	2	32.26	50.54	1.32	na	2000000	97872
wgbs	head_igzip1	4000000	16	2	37.34	107.50	2.01	na	8000000	391189
wgbs	head_igzip1	16000000	16	2	57.42	344.30	6.35	na	32000000	1573142
rna_se	head_igzip1	250000	4	1	2.67	3.21	0.75	na	250000	11348
rna_se	head_igzip1	1000000	4	1	4.09	8.62	0.79	na	1000000	46723
rna_se	head_igzip1	4000000	4	1	9.78	30.26	1.07	na	4000000	186491
rna_se	head_igzip1	16000000	4	1	33.78	120.63	2.19	na	16000000	751378
rna_se	head_igzip1	250000	4	2	2.65	3.22	0.74	na	250000	11348
rna_se	head_igzip1	1000000	4	2	4.06	8.62	0.77	na	1000000	46723
rna_se	head_igzip1	4000000	4	2	10.09	31.15	1.06	na	4000000	186491
rna_se	head_igzip1	16000000	4	2	33.72	120.40	2.20	na	16000000	751378
rna_se	head_igzip1	250000	16	1	2.46	3.71	0.80	na	250000	11348
rna_se	head_igzip1	1000000	16	1	3.30	10.23	0.89	na	1000000	46723
rna_se	head_igzip1	4000000	16	1	6.26	35.23	1.43	na	4000000	186491
rna_se	head_igzip1	16000000	16	1	19.03	137.22	4.52	na	16000000	751378
rna_se	head_igzip1	250000	16	2	2.47	3.64	0.79	na	250000	11348
rna_se	head_igzip1	1000000	16	2	3.14	10.26	0.87	na	1000000	46723
rna_se	head_igzip1	4000000	16	2	6.55	35.50	1.44	na	4000000	186491
rna_se	head_igzip1	16000000	16	2	18.81	138.55	5.32	na	16000000	751378
